<?xml version = '1.0' encoding = 'UTF-8'?>
<Diagram class="oracle.dbtools.crest.swingui.logical.DPVLogical" name="Logical" id="2CD5F094-72C6-F0F9-FB07-9A48E57224AC">
<createdBy>nicolas</createdBy>
<modifiedBy>nicolas</modifiedBy>
<createdTime>2024-08-22 01:40:07 UTC</createdTime>
<autoRoute>false</autoRoute>
<boxInbox>false</boxInbox>
<showLegend>false</showLegend>
<showLabels>true</showLabels>
<showRelAttributes>false</showRelAttributes>
<gridEnabled>false</gridEnabled>
<showGrid>false</showGrid>
<diagramColor>-1</diagramColor>
<display>false</display>
<notation>1</notation>
<objectViews>
<OView class="oracle.dbtools.crest.swingui.logical.TVEntity" oid="4AC095D4-07ED-2AE5-CF77-45CA08BA9D11" otype="Entity" vid="87FB5C6B-FECE-1CCD-D427-A3B30D691A51">
<hideElementsInCurrentOnly>false</hideElementsInCurrentOnly>
<bounds x="461" y="129" width="187" height="152"/>
</OView>
<OView class="oracle.dbtools.crest.swingui.logical.TVEntity" oid="99456C08-0B2F-A9FF-26FC-614D2F3FD7E3" otype="Entity" vid="26E74DD9-5CE1-88BF-283C-D8E767831244">
<hideElementsInCurrentOnly>false</hideElementsInCurrentOnly>
<bounds x="51" y="146" width="208" height="111"/>
</OView>
<OView class="oracle.dbtools.crest.swingui.logical.TVEntity" oid="B98A6CFA-9346-6FB4-8CBD-8614135F4ED8" otype="Entity" vid="9A4D30A4-D174-A92B-455A-C7B0614DB232">
<hideElementsInCurrentOnly>false</hideElementsInCurrentOnly>
<bounds x="879" y="135" width="168" height="128"/>
</OView>
</objectViews>
<connectors>
<Connector class="oracle.dbtools.crest.swingui.logical.TVRelation" oid="B9CB82E3-A1AC-7141-5AC2-6D5CBA72FEF9" otype="Relation" vid_source="87FB5C6B-FECE-1CCD-D427-A3B30D691A51" vid_target="9A4D30A4-D174-A92B-455A-C7B0614DB232">
<hideElementsInCurrentOnly>false</hideElementsInCurrentOnly>
<backgroundColor>-16777216</backgroundColor>
<lineWidth>1</lineWidth>
<sourceLabel class="oracle.dbtools.crest.model.design.Label">
<site>0</site>
<labelBounds x="658" y="154" width="42" height="30"/>
<noBackgroundColor>true</noBackgroundColor>
<noForegroundColor>true</noForegroundColor>
</sourceLabel>
<targetLabel class="oracle.dbtools.crest.model.design.Label">
<site>2</site>
<labelBounds x="800" y="187" width="73" height="30"/>
<noBackgroundColor>true</noBackgroundColor>
<noForegroundColor>true</noForegroundColor>
</targetLabel>
<points>
<point x="648" y="184"/>
<point x="879" y="184"/>
</points>
</Connector>
<Connector class="oracle.dbtools.crest.swingui.logical.TVRelation" oid="D490C59E-288E-053B-0842-2B9AA9397300" otype="Relation" vid_source="26E74DD9-5CE1-88BF-283C-D8E767831244" vid_target="87FB5C6B-FECE-1CCD-D427-A3B30D691A51">
<hideElementsInCurrentOnly>false</hideElementsInCurrentOnly>
<backgroundColor>-16777216</backgroundColor>
<lineWidth>1</lineWidth>
<sourceLabel class="oracle.dbtools.crest.model.design.Label">
<site>0</site>
<labelBounds x="269" y="156" width="42" height="30"/>
<noBackgroundColor>true</noBackgroundColor>
<noForegroundColor>true</noForegroundColor>
</sourceLabel>
<targetLabel class="oracle.dbtools.crest.model.design.Label">
<site>2</site>
<labelBounds x="394" y="189" width="61" height="30"/>
<noBackgroundColor>true</noBackgroundColor>
<noForegroundColor>true</noForegroundColor>
</targetLabel>
<points>
<point x="259" y="186"/>
<point x="461" y="186"/>
</points>
</Connector>
</connectors>
</Diagram>