<?xml version = '1.0' encoding = 'UTF-8'?>
<Entity class="oracle.dbtools.crest.model.design.logical.Entity" directorySegmentName="seg_0" id="4AC095D4-07ED-2AE5-CF77-45CA08BA9D11" name="ARBOL">
<createdBy>nicolas</createdBy>
<createdTime>2024-08-22 01:42:56 UTC</createdTime>
<ownerDesignName>modelacion_huerto</ownerDesignName>
<engineerTo>
<item key="9D2D5DF5-8C21-59C0-17F5-67FA99E38C1E" value="true"/>
</engineerTo>
<adequatelyNormalized>NO</adequatelyNormalized>
<expectedVolumes>0</expectedVolumes>
<fwdEngineeringStrategyName>Single Table</fwdEngineeringStrategyName>
<growthPercent>0</growthPercent>
<growthType>Year</growthType>
<maxVolumes>9999999</maxVolumes>
<minVolumes>0</minVolumes>
<normalForm>Third</normalForm>
<attributes itemClass="oracle.dbtools.crest.model.design.logical.Attribute">
<Attribute name="id_arbol" id="5AA55DF8-A69C-773F-762E-70CA467865C4">
<createdBy>nicolas</createdBy>
<createdTime>2024-08-22 01:53:21 UTC</createdTime>
<ownerDesignName>modelacion_huerto</ownerDesignName>
<engineerTo>
<item key="9D2D5DF5-8C21-59C0-17F5-67FA99E38C1E" value="true"/>
</engineerTo>
<useDomainConstraints>false</useDomainConstraints>
<use>1</use>
<logicalDatatype>LOGDT019</logicalDatatype>
<dataTypePrecision>5</dataTypePrecision>
<ownDataTypeParameters>,5,</ownDataTypeParameters>
</Attribute>
<Attribute name="tipo" id="5F0E9157-2C17-287B-8940-5A0CECA0A475">
<createdBy>nicolas</createdBy>
<createdTime>2024-08-22 01:53:35 UTC</createdTime>
<ownerDesignName>modelacion_huerto</ownerDesignName>
<engineerTo>
<item key="9D2D5DF5-8C21-59C0-17F5-67FA99E38C1E" value="true"/>
</engineerTo>
<useDomainConstraints>false</useDomainConstraints>
<use>1</use>
<logicalDatatype>LOGDT024</logicalDatatype>
<dataTypeSize>20 BYTE</dataTypeSize>
<ownDataTypeParameters>20 BYTE,,</ownDataTypeParameters>
</Attribute>
<Attribute name="variedad" id="7F694BA4-BE0F-B9DB-5ACB-AEBAC87F9F96">
<createdBy>nicolas</createdBy>
<createdTime>2024-08-22 01:53:54 UTC</createdTime>
<ownerDesignName>modelacion_huerto</ownerDesignName>
<engineerTo>
<item key="9D2D5DF5-8C21-59C0-17F5-67FA99E38C1E" value="true"/>
</engineerTo>
<useDomainConstraints>false</useDomainConstraints>
<use>1</use>
<logicalDatatype>LOGDT024</logicalDatatype>
<dataTypeSize>20 BYTE</dataTypeSize>
<ownDataTypeParameters>20 BYTE,,</ownDataTypeParameters>
</Attribute>
<Attribute name="tiene_injerto" id="C23B3F0F-A75D-A62D-2685-88BFEFC7BE51">
<createdBy>nicolas</createdBy>
<createdTime>2024-08-22 01:54:02 UTC</createdTime>
<ownerDesignName>modelacion_huerto</ownerDesignName>
<engineerTo>
<item key="9D2D5DF5-8C21-59C0-17F5-67FA99E38C1E" value="true"/>
</engineerTo>
<useDomainConstraints>false</useDomainConstraints>
<use>1</use>
<logicalDatatype>LOGDT006</logicalDatatype>
<dataTypeSize>1 BYTE</dataTypeSize>
<ownDataTypeParameters>1 BYTE,,</ownDataTypeParameters>
</Attribute>
<Attribute name="anno_plantado" id="94591F8C-3C78-1DEC-7A99-8E7212C9B115">
<createdBy>nicolas</createdBy>
<createdTime>2024-08-22 01:54:15 UTC</createdTime>
<ownerDesignName>modelacion_huerto</ownerDesignName>
<engineerTo>
<item key="9D2D5DF5-8C21-59C0-17F5-67FA99E38C1E" value="true"/>
</engineerTo>
<useDomainConstraints>false</useDomainConstraints>
<use>1</use>
<logicalDatatype>LOGDT007</logicalDatatype>
<ownDataTypeParameters>,,</ownDataTypeParameters>
</Attribute>
<Attribute name="anno_muerte" id="10BD48F5-E8E1-D089-6855-DCC4552FBD50">
<createdBy>nicolas</createdBy>
<createdTime>2024-08-22 01:54:38 UTC</createdTime>
<ownerDesignName>modelacion_huerto</ownerDesignName>
<engineerTo>
<item key="9D2D5DF5-8C21-59C0-17F5-67FA99E38C1E" value="true"/>
</engineerTo>
<useDomainConstraints>false</useDomainConstraints>
<use>1</use>
<logicalDatatype>LOGDT007</logicalDatatype>
<ownDataTypeParameters>,,</ownDataTypeParameters>
</Attribute>
<Attribute name="id_huerto" id="21DF6894-DD23-A0DB-5BD3-E8D9A76F2082">
<createdBy>nicolas</createdBy>
<createdTime>2024-08-26 01:46:28 UTC</createdTime>
<generatorID>D490C59E-288E-053B-0842-2B9AA9397300</generatorID>
<ownerDesignName>modelacion_huerto</ownerDesignName>
<engineerTo>
<item key="9D2D5DF5-8C21-59C0-17F5-67FA99E38C1E" value="true"/>
</engineerTo>
<referedAttribute>837BEEFE-B4FE-7B89-538F-B0EAE8854D6C</referedAttribute>
<useDomainConstraints>false</useDomainConstraints>
<use>1</use>
<logicalDatatype>LOGDT019</logicalDatatype>
<dataTypePrecision>5</dataTypePrecision>
<ownDataTypeParameters>,,</ownDataTypeParameters>
</Attribute>
<Attribute name="id_injerto" id="DF00A44E-C6A7-0880-8589-F06D63E061F1">
<createdBy>nicolas</createdBy>
<createdTime>2024-08-26 02:03:28 UTC</createdTime>
<generatorID>B9CB82E3-A1AC-7141-5AC2-6D5CBA72FEF9</generatorID>
<ownerDesignName>modelacion_huerto</ownerDesignName>
<engineerTo>
<item key="9D2D5DF5-8C21-59C0-17F5-67FA99E38C1E" value="true"/>
</engineerTo>
<referedAttribute>645B2680-2F3F-2E45-322E-6516A075BA45</referedAttribute>
<useDomainConstraints>false</useDomainConstraints>
<use>1</use>
<logicalDatatype>LOGDT019</logicalDatatype>
<dataTypePrecision>5</dataTypePrecision>
<ownDataTypeParameters>,5,</ownDataTypeParameters>
</Attribute>
</attributes>
<identifiers itemClass="oracle.dbtools.crest.model.design.logical.CandidateKey">
<identifier id="4F8EA0F6-68FE-AAA2-F06A-D4DD7C458B45" name="ARBOL PK">
<createdBy>nicolas</createdBy>
<createdTime>2024-08-22 01:55:11 UTC</createdTime>
<ownerDesignName>modelacion_huerto</ownerDesignName>
<engineerTo>
<item key="9D2D5DF5-8C21-59C0-17F5-67FA99E38C1E" value="true"/>
</engineerTo>
<pk>true</pk>
<usedAttributes>
<attributeRef>5AA55DF8-A69C-773F-762E-70CA467865C4</attributeRef>
</usedAttributes>
</identifier>
</identifiers>
</Entity>