<?xml version = '1.0' encoding = 'UTF-8'?>
<Entity class="oracle.dbtools.crest.model.design.logical.Entity" directorySegmentName="seg_0" id="99456C08-0B2F-A9FF-26FC-614D2F3FD7E3" name="HUERTO">
<createdBy>nicolas</createdBy>
<createdTime>2024-08-22 01:40:59 UTC</createdTime>
<ownerDesignName>modelacion_huerto</ownerDesignName>
<engineerTo>
<item key="9D2D5DF5-8C21-59C0-17F5-67FA99E38C1E" value="true"/>
</engineerTo>
<adequatelyNormalized>NO</adequatelyNormalized>
<expectedVolumes>0</expectedVolumes>
<fwdEngineeringStrategyName>Single Table</fwdEngineeringStrategyName>
<growthPercent>0</growthPercent>
<growthType>Year</growthType>
<maxVolumes>9999999</maxVolumes>
<minVolumes>0</minVolumes>
<normalForm>Third</normalForm>
<attributes itemClass="oracle.dbtools.crest.model.design.logical.Attribute">
<Attribute name="id_huerto" id="837BEEFE-B4FE-7B89-538F-B0EAE8854D6C">
<createdBy>nicolas</createdBy>
<createdTime>2024-08-22 01:49:21 UTC</createdTime>
<ownerDesignName>modelacion_huerto</ownerDesignName>
<engineerTo>
<item key="9D2D5DF5-8C21-59C0-17F5-67FA99E38C1E" value="true"/>
</engineerTo>
<useDomainConstraints>false</useDomainConstraints>
<use>1</use>
<logicalDatatype>LOGDT019</logicalDatatype>
<dataTypePrecision>5</dataTypePrecision>
<ownDataTypeParameters>,5,</ownDataTypeParameters>
</Attribute>
<Attribute name="localidad" id="6BE72584-63E0-F972-73FF-2F6CF536B267">
<createdBy>nicolas</createdBy>
<createdTime>2024-08-22 02:06:27 UTC</createdTime>
<ownerDesignName>modelacion_huerto</ownerDesignName>
<engineerTo>
<item key="9D2D5DF5-8C21-59C0-17F5-67FA99E38C1E" value="true"/>
</engineerTo>
<useDomainConstraints>false</useDomainConstraints>
<use>1</use>
<logicalDatatype>LOGDT024</logicalDatatype>
<dataTypeSize>20 BYTE</dataTypeSize>
<ownDataTypeParameters>20 BYTE,,</ownDataTypeParameters>
</Attribute>
<Attribute name="area_terreno" id="937BAD86-C124-5667-3062-FA0D80235166">
<createdBy>nicolas</createdBy>
<createdTime>2024-08-22 02:06:38 UTC</createdTime>
<ownerDesignName>modelacion_huerto</ownerDesignName>
<engineerTo>
<item key="9D2D5DF5-8C21-59C0-17F5-67FA99E38C1E" value="true"/>
</engineerTo>
<nullsAllowed>true</nullsAllowed>
<useDomainConstraints>false</useDomainConstraints>
<use>1</use>
<logicalDatatype>LOGDT019</logicalDatatype>
<dataTypePrecision>9</dataTypePrecision>
<dataTypeScale>5</dataTypeScale>
<ownDataTypeParameters>,9,5</ownDataTypeParameters>
</Attribute>
<Attribute name="cantidad_arboles" id="2978B5E5-8C18-D782-47E0-BCA5C9EA759E">
<createdBy>nicolas</createdBy>
<createdTime>2024-08-22 02:06:47 UTC</createdTime>
<ownerDesignName>modelacion_huerto</ownerDesignName>
<engineerTo>
<item key="9D2D5DF5-8C21-59C0-17F5-67FA99E38C1E" value="true"/>
</engineerTo>
<nullsAllowed>true</nullsAllowed>
<useDomainConstraints>false</useDomainConstraints>
<use>1</use>
<logicalDatatype>LOGDT019</logicalDatatype>
<dataTypePrecision>7</dataTypePrecision>
<ownDataTypeParameters>,7,</ownDataTypeParameters>
</Attribute>
</attributes>
<identifiers itemClass="oracle.dbtools.crest.model.design.logical.CandidateKey">
<identifier id="D6B701E8-23EF-0431-16C8-D9D12A9E2F14" name="HUERTO PK">
<createdBy>nicolas</createdBy>
<createdTime>2024-08-22 01:52:12 UTC</createdTime>
<ownerDesignName>modelacion_huerto</ownerDesignName>
<engineerTo>
<item key="9D2D5DF5-8C21-59C0-17F5-67FA99E38C1E" value="true"/>
</engineerTo>
<pk>true</pk>
<usedAttributes>
<attributeRef>837BEEFE-B4FE-7B89-538F-B0EAE8854D6C</attributeRef>
</usedAttributes>
</identifier>
</identifiers>
</Entity>