<?xml version = '1.0' encoding = 'UTF-8'?>
<Entity class="oracle.dbtools.crest.model.design.logical.Entity" directorySegmentName="seg_0" id="B98A6CFA-9346-6FB4-8CBD-8614135F4ED8" name="INJERTO">
<createdBy>nicolas</createdBy>
<createdTime>2024-08-22 01:43:08 UTC</createdTime>
<ownerDesignName>modelacion_huerto</ownerDesignName>
<engineerTo>
<item key="9D2D5DF5-8C21-59C0-17F5-67FA99E38C1E" value="true"/>
</engineerTo>
<adequatelyNormalized>NO</adequatelyNormalized>
<expectedVolumes>0</expectedVolumes>
<fwdEngineeringStrategyName>Single Table</fwdEngineeringStrategyName>
<growthPercent>0</growthPercent>
<growthType>Year</growthType>
<maxVolumes>9999999</maxVolumes>
<minVolumes>0</minVolumes>
<normalForm>Third</normalForm>
<attributes itemClass="oracle.dbtools.crest.model.design.logical.Attribute">
<Attribute name="id_injerto" id="645B2680-2F3F-2E45-322E-6516A075BA45">
<createdBy>nicolas</createdBy>
<createdTime>2024-08-22 01:57:48 UTC</createdTime>
<ownerDesignName>modelacion_huerto</ownerDesignName>
<engineerTo>
<item key="9D2D5DF5-8C21-59C0-17F5-67FA99E38C1E" value="true"/>
</engineerTo>
<useDomainConstraints>false</useDomainConstraints>
<use>1</use>
<logicalDatatype>LOGDT019</logicalDatatype>
<dataTypePrecision>5</dataTypePrecision>
<ownDataTypeParameters>,5,</ownDataTypeParameters>
</Attribute>
<Attribute name="tipo" id="239AB468-0BB3-E08E-55CB-AC012F6DE555">
<createdBy>nicolas</createdBy>
<createdTime>2024-08-22 01:58:11 UTC</createdTime>
<ownerDesignName>modelacion_huerto</ownerDesignName>
<engineerTo>
<item key="9D2D5DF5-8C21-59C0-17F5-67FA99E38C1E" value="true"/>
</engineerTo>
<useDomainConstraints>false</useDomainConstraints>
<use>1</use>
<logicalDatatype>LOGDT024</logicalDatatype>
<dataTypeSize>20 BYTE</dataTypeSize>
<ownDataTypeParameters>20 BYTE,,</ownDataTypeParameters>
</Attribute>
<Attribute name="variedad" id="DFA75C80-3858-289D-0AE2-35BDA6D1E14A">
<createdBy>nicolas</createdBy>
<createdTime>2024-08-22 01:58:14 UTC</createdTime>
<ownerDesignName>modelacion_huerto</ownerDesignName>
<engineerTo>
<item key="9D2D5DF5-8C21-59C0-17F5-67FA99E38C1E" value="true"/>
</engineerTo>
<useDomainConstraints>false</useDomainConstraints>
<use>1</use>
<logicalDatatype>LOGDT024</logicalDatatype>
<dataTypeSize>20 BYTE</dataTypeSize>
<ownDataTypeParameters>20 BYTE,,</ownDataTypeParameters>
</Attribute>
</attributes>
<identifiers itemClass="oracle.dbtools.crest.model.design.logical.CandidateKey">
<identifier id="D7A18C93-6892-12EE-4545-DDF33146C72F" name="INJERTO PK">
<createdBy>nicolas</createdBy>
<createdTime>2024-08-22 01:59:09 UTC</createdTime>
<ownerDesignName>modelacion_huerto</ownerDesignName>
<engineerTo>
<item key="9D2D5DF5-8C21-59C0-17F5-67FA99E38C1E" value="true"/>
</engineerTo>
<pk>true</pk>
<usedAttributes>
<attributeRef>645B2680-2F3F-2E45-322E-6516A075BA45</attributeRef>
</usedAttributes>
</identifier>
</identifiers>
</Entity>