<?xml version = '1.0' encoding = 'UTF-8'?>
<relationalModel class="oracle.dbtools.crest.model.design.relational.RelationalDesign" name="Relational_1" id="9D2D5DF5-8C21-59C0-17F5-67FA99E38C1E" mainViewID="F1FA028E-5385-0EFE-59CB-E3F33BC7D0B2">
<createdBy>nicolas</createdBy>
<createdTime>2024-08-22 01:37:00 UTC</createdTime>
<ownerDesignName>Exp1_S3_NicolasSilva</ownerDesignName>
<shouldBeOpen>true</shouldBeOpen>
<selectedRDBMSSite>32076570-2523-435C-2E92-BF29817DFF70</selectedRDBMSSite>
</relationalModel>