<?xml version = '1.0' encoding = 'UTF-8'?>
<Relation class="oracle.dbtools.crest.model.design.logical.Relation" name="Relation_6" directorySegmentName="seg_0" id="B9CB82E3-A1AC-7141-5AC2-6D5CBA72FEF9">
<createdBy>nicolas</createdBy>
<createdTime>2024-08-26 01:47:06 UTC</createdTime>
<ownerDesignName>modelacion_huerto</ownerDesignName>
<engineerTo>
<item key="9D2D5DF5-8C21-59C0-17F5-67FA99E38C1E" value="true"/>
</engineerTo>
<sourcePk>4F8EA0F6-68FE-AAA2-F06A-D4DD7C458B45</sourcePk>
<targetPk>D7A18C93-6892-12EE-4545-DDF33146C72F</targetPk>
<identifying>false</identifying>
<nameOnSource>Tiene</nameOnSource>
<nameOnTarget>Pertenece a</nameOnTarget>
<optionalSource>false</optionalSource>
<optionalTarget>true</optionalTarget>
<sourceCardinality>1</sourceCardinality>
<sourceEntity>4AC095D4-07ED-2AE5-CF77-45CA08BA9D11</sourceEntity>
<targetCardinalityString>1</targetCardinalityString>
<targetEntity>B98A6CFA-9346-6FB4-8CBD-8614135F4ED8</targetEntity>
<transferable>true</transferable>
<deleteRule>NO ACTION</deleteRule>
</Relation>