<?xml version = '1.0' encoding = 'UTF-8'?>
<Relation class="oracle.dbtools.crest.model.design.logical.Relation" name="Relation_5" directorySegmentName="seg_0" id="D490C59E-288E-053B-0842-2B9AA9397300">
<createdBy>nicolas</createdBy>
<createdTime>2024-08-26 01:46:28 UTC</createdTime>
<ownerDesignName>modelacion_huerto</ownerDesignName>
<engineerTo>
<item key="9D2D5DF5-8C21-59C0-17F5-67FA99E38C1E" value="true"/>
</engineerTo>
<sourcePk>D6B701E8-23EF-0431-16C8-D9D12A9E2F14</sourcePk>
<identifying>false</identifying>
<nameOnSource>Tiene</nameOnSource>
<nameOnTarget>Pertece a</nameOnTarget>
<optionalSource>false</optionalSource>
<optionalTarget>false</optionalTarget>
<sourceCardinality>1</sourceCardinality>
<sourceEntity>99456C08-0B2F-A9FF-26FC-614D2F3FD7E3</sourceEntity>
<targetCardinalityString>*</targetCardinalityString>
<targetEntity>4AC095D4-07ED-2AE5-CF77-45CA08BA9D11</targetEntity>
<transferable>true</transferable>
<deleteRule>NO ACTION</deleteRule>
</Relation>